SAMPLE	CHROM	POS	REF	ALT	TYPE	CLONE	CLONAL_PROPORTION	GENOTYPE	ADDITIONAL_INFO
/raw-data/projectes/SPIKE_IN_BAM/BAM_PANELS/RB16187.rmdup.bam	chr3	123411768	AGGTGAGTGTTACTC	AGCAA	delins	clone1	1.0000	0/1	.
/raw-data/projectes/SPIKE_IN_BAM/BAM_PANELS/RB16187.rmdup.bam	chr7	153749980	TCAC	TTCT	delins	clone1	1.0000	0/1	.
/raw-data/projectes/SPIKE_IN_BAM/BAM_PANELS/RB16187.rmdup.bam	chr2	179578121	AAAACAAAACAAAACAAAAAAAACAAA	ATA	delins	clone1	1.0000	0/1	.
/raw-data/projectes/SPIKE_IN_BAM/BAM_PANELS/RB16187.rmdup.bam	chr11	47371381	TCAGGTCC	TGAATTGT	delins	clone1	1.0000	0/1	.
/raw-data/projectes/SPIKE_IN_BAM/BAM_PANELS/RB16187.rmdup.bam	chr3	141274615	AAATAGCATGT	ACATG	delins	clone1	1.0000	0/1	.
/raw-data/projectes/SPIKE_IN_BAM/BAM_PANELS/RB16187.rmdup.bam	chr2	179656840	CA	CGG	delins	clone1	1.0000	0/1	.
/raw-data/projectes/SPIKE_IN_BAM/BAM_PANELS/RB16187.rmdup.bam	chr12	9001433	CAAGGGCATTCGAGCCAGCG	CTCTGTCTCAAAAA	delins	clone1	1.0000	0/1	.
/raw-data/projectes/SPIKE_IN_BAM/BAM_PANELS/RB16187.rmdup.bam	chr1	228550361	GG	GGA	delins	clone1	1.0000	0/1	.
/raw-data/projectes/SPIKE_IN_BAM/BAM_PANELS/RB16187.rmdup.bam	chr12	114832580	GCAGTCT	GCC	delins	clone1	1.0000	0/1	.
/raw-data/projectes/SPIKE_IN_BAM/BAM_PANELS/RB16187.rmdup.bam	chr7	81599372	GCT	GAA	delins	clone1	1.0000	0/1	.
/raw-data/projectes/SPIKE_IN_BAM/BAM_PANELS/RB16187.rmdup.bam	chr17	29592432	GGTTTTT	GATG	delins	clone1	1.0000	0/1	.
/raw-data/projectes/SPIKE_IN_BAM/BAM_PANELS/RB16187.rmdup.bam	chr18	25727632	AGTACCATTG	ATTTAT	delins	clone1	1.0000	0/1	.
/raw-data/projectes/SPIKE_IN_BAM/BAM_PANELS/RB16187.rmdup.bam	chr12	2775826	TG	TCT	delins	clone1	1.0000	0/1	.
/raw-data/projectes/SPIKE_IN_BAM/BAM_PANELS/RB16187.rmdup.bam	chr6	75855968	AAC	ATG	delins	clone1	1.0000	0/1	.
/raw-data/projectes/SPIKE_IN_BAM/BAM_PANELS/RB16187.rmdup.bam	chr3	30691914	GCT	GCC	delins	clone1	1.0000	0/1	.
/raw-data/projectes/SPIKE_IN_BAM/BAM_PANELS/RB16187.rmdup.bam	chr3	30691748	TC	TAA	delins	clone1	1.0000	0/1	.
/raw-data/projectes/SPIKE_IN_BAM/BAM_PANELS/RB16187.rmdup.bam	chr2	179526985	TGAAGAGAAATGGGCT	TATGGCGGAG	delins	clone1	1.0000	0/1	.
/raw-data/projectes/SPIKE_IN_BAM/BAM_PANELS/RB16187.rmdup.bam	chr11	119167719	CCTTTGGATACATCCCAGAGTT	CGTAAAACAAGGAGTTTAAG	delins	clone1	1.0000	0/1	.
/raw-data/projectes/SPIKE_IN_BAM/BAM_PANELS/RB16187.rmdup.bam	chr2	189931264	AA	ATA	delins	clone1	1.0000	0/1	.
/raw-data/projectes/SPIKE_IN_BAM/BAM_PANELS/RB16187.rmdup.bam	chr11	47370029	CACAGCGGTAGCT	CACCGTTT	delins	clone1	1.0000	0/1	.
/raw-data/projectes/SPIKE_IN_BAM/BAM_PANELS/RB16187.rmdup.bam	chr14	50649374	AAAA	AAG	delins	clone1	1.0000	0/1	.
/raw-data/projectes/SPIKE_IN_BAM/BAM_PANELS/RB16187.rmdup.bam	chr5	37302934	AAATGGC	ATCATT	delins	clone1	1.0000	0/1	.
/raw-data/projectes/SPIKE_IN_BAM/BAM_PANELS/RB16187.rmdup.bam	chr10	101473239	ATGA	AACC	delins	clone1	1.0000	0/1	.
/raw-data/projectes/SPIKE_IN_BAM/BAM_PANELS/RB16187.rmdup.bam	chr1	228560766	GAA	GGC	delins	clone1	1.0000	0/1	.
/raw-data/projectes/SPIKE_IN_BAM/BAM_PANELS/RB16187.rmdup.bam	chr7	94053829	GATTG	GTC	delins	clone1	1.0000	0/1	.
/raw-data/projectes/SPIKE_IN_BAM/BAM_PANELS/RB16187.rmdup.bam	chr5	131729515	TCCTCTG	TGT	delins	clone1	1.0000	0/1	.
/raw-data/projectes/SPIKE_IN_BAM/BAM_PANELS/RB16187.rmdup.bam	chr2	179499170	TCATT	TCG	delins	clone1	1.0000	0/1	.
/raw-data/projectes/SPIKE_IN_BAM/BAM_PANELS/RB16187.rmdup.bam	chr6	75898126	ACACCTGGGAGAT	ACTTCAACAAGA	delins	clone1	1.0000	0/1	.
/raw-data/projectes/SPIKE_IN_BAM/BAM_PANELS/RB16187.rmdup.bam	chr10	69933944	GCTCCCCCAGCGGTGA	GGGC	delins	clone1	1.0000	0/1	.
/raw-data/projectes/SPIKE_IN_BAM/BAM_PANELS/RB16187.rmdup.bam	chr3	53839145	GA	GAG	delins	clone1	1.0000	0/1	.
/raw-data/projectes/SPIKE_IN_BAM/BAM_PANELS/RB16187.rmdup.bam	chr1	237954728	GAACTATTTT	GTCAA	delins	clone1	1.0000	0/1	.
/raw-data/projectes/SPIKE_IN_BAM/BAM_PANELS/RB16187.rmdup.bam	chr9	139410360	CT	CTC	delins	clone1	1.0000	0/1	.
/raw-data/projectes/SPIKE_IN_BAM/BAM_PANELS/RB16187.rmdup.bam	chr2	179563658	AGAAA	ACTCT	delins	clone1	1.0000	0/1	.
/raw-data/projectes/SPIKE_IN_BAM/BAM_PANELS/RB16187.rmdup.bam	chr1	228447428	TAG	TAA	delins	clone1	1.0000	0/1	.
/raw-data/projectes/SPIKE_IN_BAM/BAM_PANELS/RB16187.rmdup.bam	chr7	94038554	CATAAAACTTGG	CTAGTA	delins	clone1	1.0000	0/1	.
/raw-data/projectes/SPIKE_IN_BAM/BAM_PANELS/RB16187.rmdup.bam	chr18	29115438	AGAAAC	ATTGC	delins	clone1	1.0000	0/1	.
/raw-data/projectes/SPIKE_IN_BAM/BAM_PANELS/RB16187.rmdup.bam	chr1	26384151	GAGAGAGAACAAA	GAAGGATGGAGTA	delins	clone1	1.0000	0/1	.
/raw-data/projectes/SPIKE_IN_BAM/BAM_PANELS/RB16187.rmdup.bam	chr12	2675615	CTGCA	CTGC	delins	clone1	1.0000	0/1	.
/raw-data/projectes/SPIKE_IN_BAM/BAM_PANELS/RB16187.rmdup.bam	chr2	179556690	CAAAAGGC	CAT	delins	clone1	1.0000	0/1	.
/raw-data/projectes/SPIKE_IN_BAM/BAM_PANELS/RB16187.rmdup.bam	chr1	237817705	GTCTCAAA	GTAC	delins	clone1	1.0000	0/1	.
/raw-data/projectes/SPIKE_IN_BAM/BAM_PANELS/RB16187.rmdup.bam	chr2	189915331	ACGTTGCCCAGGCATGCCAACAATTCCTCTCTGCCCGGTCGT	ATCAAGCAC	delins	clone1	1.0000	0/1	.
/raw-data/projectes/SPIKE_IN_BAM/BAM_PANELS/RB16187.rmdup.bam	chr1	156105844	GGACATC	GTA	delins	clone1	1.0000	0/1	.
/raw-data/projectes/SPIKE_IN_BAM/BAM_PANELS/RB16187.rmdup.bam	chr12	21954076	CAATAACCAGGTCTGCCGTCAGAATAGTGTGTACTCGATGCTGTGAGTGA	CGTACCA	delins	clone1	1.0000	0/1	.
/raw-data/projectes/SPIKE_IN_BAM/BAM_PANELS/RB16187.rmdup.bam	chr12	7175103	AGAGAGAGTGAGAAGGTGTT	AGTGGGGAGGTTC	delins	clone1	1.0000	0/1	.
/raw-data/projectes/SPIKE_IN_BAM/BAM_PANELS/RB16187.rmdup.bam	chr2	179546156	TCAGGGACAGCTTTCTTCAGCACTTCAAAATATCAATATTAAGAGATTTT	TCGTAAATAAAGATGCTCCCCCGAGCCCAAGT	delins	clone1	1.0000	1/1	.
/raw-data/projectes/SPIKE_IN_BAM/BAM_PANELS/RB16187.rmdup.bam	chr18	32405244	GTAGTG	GCGGG	delins	clone1	1.0000	0/1	.
/raw-data/projectes/SPIKE_IN_BAM/BAM_PANELS/RB16187.rmdup.bam	chr15	66727583	TGC	TAT	delins	clone1	1.0000	0/1	.
/raw-data/projectes/SPIKE_IN_BAM/BAM_PANELS/RB16187.rmdup.bam	chr3	141295776	TTTAATTTATCATCTTTGTTTTTT	TTTCGAA	delins	clone1	1.0000	0/1	.
/raw-data/projectes/SPIKE_IN_BAM/BAM_PANELS/RB16187.rmdup.bam	chr4	186435397	AA	ACA	delins	clone1	1.0000	1/1	.
/raw-data/projectes/SPIKE_IN_BAM/BAM_PANELS/RB16187.rmdup.bam	chr1	237798149	CACGATCC	CCT	delins	clone1	1.0000	0/1	.
